model,params,test_MSE,test_MAE,test_RMSPE,test_R2
sage,21441,1.8510993413656252e-06,0.0008064283174462616,0.29514700174331665,0.7718783617019653
